director,cant,rating
Gary Sinyor,1,10.0
Rohit Jugraj,1,9.5
Lance Hool,1,9.3
Floyd Mutrux,1,8.5
Tim McCanlies,2,8.45
John Cromwell,1,8.4
Damien Chazelle,1,8.3
Jem Cohen,1,8.3
Kevin Sullivan,1,8.2
Philip Saville,1,8.2
Lenny Abrahamson,1,8.1
Jorge Ramírez Suárez,1,8.1
Charlie Chaplin,1,8.1
Theodore Witcher,1,8.1
Hayao Miyazaki,4,8.05
Frank Whaley,1,8.0
Fritz Lang,1,8.0
Robert Mulligan,1,8.0
Sterling Van Wagenen,1,8.0
Eric Styles,1,8.0
Lauren Lazin,1,8.0
Roger Allers,1,8.0
Sherman Alexie,1,8.0
Sergio Leone,4,8.0
Ron Fricke,1,8.0
Henry Jaglom,1,8.0
Justin Dillon,1,8.0
Jean-Jacques Mantello,1,8.0
Maïwenn,1,7.9
Jay Oliva,1,7.9
Richard Marquand,1,7.9
Akira Kurosawa,2,7.85
Stanley Donen,1,7.8
Carl Theodor Dreyer,1,7.8
Christopher Nolan,8,7.8
Anna Muylaert,1,7.8
Jorge Gaggero,1,7.8
Ari Folman,1,7.8
Barry W. Blaustein,1,7.8
Majid Majidi,1,7.8
John Sturges,1,7.8
Ingmar Bergman,1,7.8
Jehane Noujaim,1,7.8
Quentin Tarantino,8,7.775
Pete Docter,3,7.733333333333333
Mike van Diem,1,7.7
Chris Marker,1,7.7
Stephen Chbosky,1,7.7
Lukas Moodysson,1,7.7
Asghar Farhadi,1,7.7
Vincent Paronnaud,1,7.7
Andrei Tarkovsky,1,7.7
Giuseppe Tornatore,1,7.7
Zoran Lisinac,1,7.7
Thaddeus O'Sullivan,1,7.7
Stanley Kubrick,6,7.683333333333334
Denis Villeneuve,3,7.666666666666667
George Roy Hill,2,7.65
James Marsh,2,7.65
Miloš Forman,3,7.633333333333333
Frank Capra,5,7.62
Josh Boone,1,7.6
Alex Garland,1,7.6
Tony Bancroft,1,7.6
Rajkumar Hirani,1,7.6
Dean DeBlois,1,7.6
Mikel Rueda,1,7.6
Stéphane Aubier,1,7.6
David Sington,1,7.6
Paul Fierlinger,1,7.6
Billy Wilder,4,7.6
Dan Gilroy,1,7.6
Lu Chuan,1,7.6
G.W. Pabst,1,7.6
Tom McCarthy,2,7.6
Lee Unkrich,1,7.6
Thea Sharrock,1,7.6
Eytan Fox,1,7.6
William Wyler,1,7.6
Jim O'Hanlon,1,7.6
Robert Rossen,1,7.6
Morten Tyldum,2,7.55
Joshua Oppenheimer,1,7.5
Justin Tipping,1,7.5
Jonathan Dayton,1,7.5
Jan Pinkava,1,7.5
Russell Friedenberg,1,7.5
Neill Dela Llana,1,7.5
Dennis Gansel,1,7.5
Bernardo Bertolucci,2,7.5
Bill Melendez,1,7.5
Bill Plympton,1,7.5
Christophe Barratier,1,7.5
S.S. Rajamouli,1,7.5
Terry George,1,7.5
Eugenio Derbez,1,7.5
James D. Stern,1,7.5
Jonathan Caouette,1,7.5
Frank Darabont,4,7.5
Andrew Steggall,1,7.5
Elia Kazan,3,7.466666666666666
Peter Weir,4,7.45
Robert Greenwald,2,7.45
Steve McQueen,2,7.45
David Lean,4,7.45
David Lynch,5,7.44
Alfonso Cuarón,4,7.425
Wes Anderson,7,7.414285714285714
Robert Stevenson,1,7.4
Wolfgang Becker,1,7.4
Richard Ayoade,1,7.4
Brian Percival,1,7.4
Maryam Keshavarz,1,7.4
Ted Demme,1,7.4
Fabián Bielinsky,1,7.4
Mark Sandrich,1,7.4
Frank Lotito,1,7.4
Tim Miller,1,7.4
Lisanne Pajot,1,7.4
Robert Kenner,1,7.4
D.W. Griffith,1,7.4
Byron Howard,1,7.4
Andrey Zvyagintsev,1,7.4
Kiyoshi Kurosawa,1,7.4
Kelly Asbury,1,7.4
George Cukor,1,7.4
Andrew Haigh,1,7.4
Kang Je-gyu,1,7.4
Mel Stuart,1,7.4
Stacy Peralta,2,7.4
Moustapha Akkad,1,7.4
Morgan Neville,1,7.4
William H. Macy,1,7.4
Sanjay Rawal,1,7.4
Joss Whedon,3,7.366666666666667
Yash Chopra,2,7.35
Jean-Luc Godard,2,7.35
David Fincher,10,7.340000000000001
Richard Curtis,3,7.333333333333333
Peter Jackson,9,7.333333333333333
James Cameron,7,7.328571428571428
Lynne Ramsay,2,7.300000000000001
Eric Bress,1,7.3
Mel Gibson,3,7.3
Michel Leclerc,1,7.3
Michel Hazanavicius,1,7.3
Michael Burke,1,7.3
Michael McGowan,1,7.3
Pedro Almodóvar,1,7.3
Abel Ferrara,1,7.3
Ritesh Batra,1,7.3
Chris Buck,1,7.3
Ryan Coogler,2,7.3
Cristian Mungiu,1,7.3
Daniele Luchetti,1,7.3
Dan O'Bannon,1,7.3
R.J. Cutler,1,7.3
Raja Menon,1,7.3
Richard Brooks,4,7.3
Richard Dutcher,1,7.3
Mary Harron,1,7.3
Tomm Moore,1,7.3
François Girard,1,7.3
László Benedek,1,7.3
Kim Longinotto,1,7.3
Howard Hawks,1,7.3
Tom Ford,1,7.3
Tom Hooper,3,7.3
Gareth Evans,1,7.3
Jason Moore,1,7.3
Jean-Marc Vallée,3,7.3
Jeremy Sims,1,7.3
John Carney,2,7.3
Giuliano Montaldo,1,7.3
Aleksandr Veledinskiy,1,7.3
Jorge R. Gutierrez,1,7.3
Stanley Kramer,2,7.3
Park Chan-wook,3,7.3
Eli Craig,1,7.3
Sylvain Chomet,1,7.3
Patrick Creadon,1,7.3
Paolo Sorrentino,1,7.3
Martin Scorsese,20,7.295
Gina Prince-Bythewood,3,7.266666666666667
Mark Osborne,2,7.25
Tim Robbins,2,7.25
Richard Glatzer,2,7.25
Kevin Macdonald,3,7.233333333333333
Alejandro González Iñárritu,6,7.233333333333333
Spike Jonze,4,7.225
Paul Thomas Anderson,6,7.216666666666666
Marilyn Agrelo,1,7.2
Dexter Fletcher,1,7.2
Chris Paine,1,7.2
Christian Carion,1,7.2
Richard J. Lewis,1,7.2
Jim Jarmusch,1,7.2
Peter Kosminsky,1,7.2
Brian Henson,1,7.2
Rakeysh Omprakash Mehra,1,7.2
Charlie Kaufman,2,7.2
Na Hong-jin,1,7.2
Deborah Anderson,1,7.2
Bernhard Wicki,1,7.2
Orson Welles,1,7.2
Steve James,2,7.2
Don Siegel,1,7.2
Edgar Wright,4,7.2
Fred Zinnemann,5,7.2
Gilles Paquet-Brenner,1,7.2
Liu Chia-Liang,1,7.2
Anthony Powell,1,7.2
Ayan Mukherjee,1,7.2
John G. Avildsen,2,7.2
John Crowley,1,7.2
James Gartner,1,7.2
Ted Kotcheff,1,7.2
Genndy Tartakovsky,3,7.166666666666667
Lars von Trier,3,7.166666666666667
Jacques Perrin,2,7.15
Mark Herman,2,7.15
Mike Cahill,2,7.15
Ning Hao,2,7.15
Gaspar Noé,2,7.15
Sean Penn,2,7.15
Ol Parker,2,7.15
Chris Sanders,3,7.133333333333333
Stephen Daldry,5,7.12
Ron Clements,3,7.1000000000000005
Niki Caro,3,7.1000000000000005
Fernando Meirelles,3,7.1000000000000005
Peter Sollett,3,7.1000000000000005
Ken Loach,1,7.1
Kirsten Sheridan,1,7.1
Joe Cross,1,7.1
Katsuhiro Ōtomo,2,7.1
Kriv Stenders,1,7.1
Tate Taylor,2,7.1
Leslie Small,1,7.1
Fernando León de Aranoa,1,7.1
Oren Moverman,1,7.1
Molly Bernstein,1,7.1
Bob Giraldi,1,7.1
Nat Faxon,1,7.1
Fatih Akin,1,7.1
Theodore Melfi,1,7.1
Michael D. Sellers,1,7.1
Michael Wadleigh,1,7.1
Michael Cimino,2,7.1
Rich Moore,1,7.1
Peter H. Hunt,1,7.1
Peter Ramsey,1,7.1
Matthew Vaughn,4,7.074999999999999
Andrew Stanton,4,7.074999999999999
Thomas Vinterberg,3,7.066666666666666
George Sidney,3,7.066666666666666
Lee Daniels,2,7.050000000000001
Martin McDonagh,2,7.050000000000001
Pierre Coffin,2,7.05
Juan Antonio Bayona,2,7.05
Shane Meadows,4,7.05
Chris Williams,2,7.05
Philip Kaufman,2,7.05
Jean-Jacques Annaud,4,7.05
Alfred Hitchcock,8,7.05
Ben Affleck,2,7.05
Roman Polanski,6,7.033333333333334
Victor Fleming,3,7.033333333333334
Danny Boyle,8,7.0125
Hans Petter Moland,1,7.0
Chris Morris,1,7.0
Sergey Bondarchuk,1,7.0
James Algar,1,7.0
Tim Boxell,1,7.0
Petter Næss,1,7.0
Ava DuVernay,2,7.0
Scott Smith,1,7.0
Joshua Tickell,1,7.0
Kevin Jordan,1,7.0
John D. Hancock,1,7.0
Claude Miller,1,7.0
Richard Attenborough,4,7.0
Julian Schnabel,2,7.0
Robert Stromberg,1,7.0
Paul King,1,7.0
Peter Landesman,1,7.0
Shimit Amin,1,7.0
Shane Black,2,7.0
Mervyn LeRoy,1,7.0
Eric Lartigau,1,7.0
Dan Scanlon,1,7.0
Duncan Jones,3,7.0
Ferzan Ozpetek,1,7.0
Shona Auerbach,1,7.0
James Frawley,1,7.0
Gábor Csupó,1,7.0
Gregory Nava,1,7.0
John Badham,1,7.0
Irvin Kershner,2,7.0
Caroline Link,1,7.0
Isabel Coixet,2,7.0
Justin Molotnikov,1,7.0
Joseph Dorman,1,7.0
Don Bluth,1,7.0
Michael Roemer,1,7.0
Michael Sucsy,1,7.0
Darren Aronofsky,6,7.0
Patty Jenkins,1,7.0
Brad Bird,4,7.0
Johnnie To,1,7.0
John Patrick Shanley,1,7.0
John Reinhardt,1,7.0
Nacho Vigalondo,1,7.0
Jiří Menzel,1,7.0
Michael Kang,1,7.0
Michael Haneke,3,7.0
Miranda July,1,7.0
Morgan Spurlock,3,7.0
Stefan Schwartz,1,7.0
Nick Cassavetes,4,7.0
Alex van Warmerdam,1,7.0
Nicholas Meyer,2,7.0
Stephen Kijak,1,7.0
Francis Ford Coppola,12,6.9750000000000005
J.J. Abrams,4,6.975
Sam Peckinpah,4,6.975
Steven Spielberg,27,6.974074074074075
Sidney Lumet,6,6.966666666666666
David Hand,3,6.966666666666666
George Lucas,5,6.959999999999999
James Wan,7,6.957142857142857
Richard Linklater,11,6.954545454545454
Bill Paxton,2,6.95
Michael Moore,6,6.95
Carroll Ballard,2,6.95
Florian Henckel von Donnersmarck,2,6.95
Julian Jarrold,2,6.95
Simon Curtis,2,6.949999999999999
Michael Hoffman,3,6.933333333333334
James Gunn,3,6.933333333333334
Paul Greengrass,7,6.928571428571429
Phil Lord,4,6.925
Baz Luhrmann,4,6.925
Terrence Malick,4,6.925
Lasse Hallström,9,6.922222222222222
Robert Zemeckis,13,6.915384615384616
Sam Mendes,7,6.914285714285714
Joshua Marston,1,6.9
Juan José Campanella,2,6.9
Jacob Aaron Estes,1,6.9
Clive Barker,1,6.9
Leos Carax,1,6.9
Luc Jacquet,1,6.9
Luca Guadagnino,1,6.9
Lone Scherfig,2,6.9
Tom Putnam,1,6.9
Coky Giedroyc,1,6.9
Marius Markevicius,1,6.9
Henry Alex Rubin,1,6.9
Andrea Arnold,1,6.9
Antonia Bird,1,6.9
Andrew Leman,1,6.9
Robert Wise,4,6.9
Kay Pollak,1,6.9
Karan Johar,2,6.9
Robert C. Cooper,1,6.9
Bob Fosse,2,6.9
Éric Tessier,1,6.9
David Silverman,1,6.9
Steve Antin,1,6.9
Yorgos Lanthimos,1,6.9
Darnell Martin,1,6.9
John Simpson,1,6.9
Allen Coulter,1,6.9
Benedikt Erlingsson,1,6.9
Duncan Tucker,1,6.9
Ben Sharpsteen,1,6.9
Bennett Miller,2,6.9
Shane Carruth,1,6.9
Peter DeLuise,1,6.9
Max Mayer,1,6.9
Jamal Hill,1,6.9
Raymond De Felitta,1,6.9
Matt Williams,1,6.9
Lee Toland Krieger,2,6.9
Guy Maddin,1,6.9
Paul Haggis,3,6.8999999999999995
Kevin Costner,3,6.8999999999999995
Michael Curtiz,3,6.8999999999999995
Anthony Minghella,3,6.8999999999999995
Terry Gilliam,7,6.885714285714286
Mel Brooks,6,6.883333333333333
Alexander Payne,5,6.88
Todd Solondz,3,6.866666666666667
John Cameron Mitchell,3,6.866666666666667
Clint Eastwood,20,6.865
Jean-Pierre Jeunet,5,6.859999999999999
Edward Zwick,7,6.857142857142857
Kenneth Branagh,7,6.857142857142857
Guy Ritchie,7,6.857142857142857
Gus Van Sant,7,6.857142857142857
John Huston,2,6.85
John Lasseter,4,6.85
Derek Cianfrance,2,6.85
Wayne Kramer,2,6.85
Alejandro Monteverde,2,6.85
Richard Kwietniowski,2,6.85
Gary Goldman,2,6.85
Francis Lawrence,5,6.840000000000001
Boaz Yakin,3,6.833333333333333
John Ford,4,6.825
Joel Coen,11,6.8090909090909095
Jeremy Saulnier,2,6.800000000000001
Denzel Washington,2,6.800000000000001
Carlos Saura,1,6.8
Russell Crowe,1,6.8
Andrew Erwin,1,6.8
Justin Kerrigan,1,6.8
Albert Hughes,3,6.8
Harley Cokeliss,1,6.8
Henry Bean,1,6.8
Julie Taymor,3,6.8
Sara Newens,1,6.8
Jeff Burr,1,6.8
Kim Nguyen,1,6.8
Khyentse Norbu,1,6.8
Greg Marcks,1,6.8
Scandar Copti,1,6.8
Laurent Cantet,1,6.8
Luis Valdez,1,6.8
Alex Kendrick,4,6.8
Nadine Labaki,1,6.8
John Michael McDonagh,1,6.8
David Ray,1,6.8
Nathan Frankowski,1,6.8
Debra Granik,1,6.8
Benh Zeitlin,1,6.8
Doug Liman,7,6.8
Dany Boon,1,6.8
Lucrecia Martel,1,6.8
Prachya Pinkaew,1,6.8
Ari Sandel,1,6.8
Léa Pool,2,6.8
Malcolm Goodwin,1,6.8
Ralph Ziman,1,6.8
George T. Miller,1,6.8
Ricki Stern,1,6.8
Angelo Pizzo,1,6.8
Todd Haynes,3,6.8
Richard Williams,1,6.8
Jeff Nichols,4,6.8
Josef Rusnak,1,6.8
Martin Koolhoven,1,6.8
Marielle Heller,1,6.8
Jason Marsden,1,6.8
Mark Rydell,1,6.8
Terry Zwigoff,2,6.8
Takeshi Kitano,1,6.8
Menno Meyjes,1,6.8
Elizabeth Banks,1,6.8
Dan Trachtenberg,1,6.8
John Maybury,1,6.8
Yuefeng Song,1,6.8
Aki Kaurismäki,1,6.8
Ole Christian Madsen,1,6.8
Stephen Anderson,1,6.8
Bille August,2,6.8
James Mottern,1,6.8
James Ponsoldt,1,6.8
Alice Wu,1,6.8
James Schamus,1,6.8
Doug Block,1,6.8
Vincent Ward,1,6.8
Jonathan Demme,5,6.779999999999999
David Cronenberg,7,6.771428571428571
David Yates,3,6.766666666666667
Joe Wright,6,6.766666666666667
Neill Blomkamp,3,6.766666666666667
Ang Lee,8,6.7625
Mike Leigh,5,6.76
Bruce Beresford,4,6.75
"George Tillman, Jr.",4,6.75
Rick Famuyiwa,4,6.75
Larry Clark,2,6.75
José Padilha,2,6.75
Gary Trousdale,2,6.75
David Mamet,2,6.75
Zach Braff,2,6.75
Marco Kreuzpaintner,2,6.75
Craig Brewer,2,6.75
Gary Ross,3,6.733333333333333
Alan Parker,3,6.733333333333333
Marc Webb,3,6.733333333333333
Shekhar Kapur,3,6.733333333333333
Tim Burton,14,6.728571428571429
Sofia Coppola,4,6.725
James Mangold,8,6.7125
Jennifer Yuh Nelson,2,6.7
William Phillips,1,6.7
Adam Brooks,1,6.7
Walter Murch,1,6.7
Joseph L. Mankiewicz,1,6.7
Derek Yee Tung-Sing,1,6.7
Scott Speer,1,6.7
Christian Volckman,1,6.7
Adrienne Shelly,1,6.7
Alejandro Amenábar,4,6.7
Gillian Robespierre,1,6.7
Susanne Bier,1,6.7
Saul Dibb,1,6.7
Joel Edgerton,1,6.7
Doug Atchison,1,6.7
Vijay Chandar,1,6.7
Tim Hunter,1,6.7
Spencer Susser,1,6.7
Oliver Hirschbiegel,2,6.7
Denys Arcand,1,6.7
Eugène Lourié,1,6.7
Alison Maclean,1,6.7
Stephen Hillenburg,1,6.7
Marc Levin,1,6.7
Tom McGrath,1,6.7
François Truffaut,1,6.7
Olivier Assayas,2,6.7
John Landis,5,6.7
John Lee Hancock,4,6.7
Mike Gabriel,1,6.7
Sam Fell,1,6.7
Courtney Hunt,1,6.7
Craig Johnson,1,6.7
Brenda Chapman,1,6.7
Jay Levey,1,6.7
Jonathan Teplitzky,1,6.7
Martin Ritt,2,6.7
Arie Posin,1,6.7
Andrucha Waddington,1,6.7
Glenn Ficarra,3,6.7
Goran Dukic,1,6.7
Terence Young,4,6.7
Sean Durkin,1,6.7
Ryan Fleck,2,6.7
Alex Cox,1,6.7
Wes Ball,2,6.7
Carol Reed,2,6.7
Aleksey German,1,6.7
André Øvredal,1,6.7
Guillermo del Toro,5,6.7
Tommy Lee Jones,2,6.7
Henry Hathaway,1,6.7
Drew Barrymore,1,6.7
Bong Joon-ho,2,6.7
Brad Copeland,1,6.7
Ernest R. Dickerson,1,6.7
Daniel Barber,1,6.7
Daniel Schechter,1,6.7
Patrice Leconte,1,6.7
Adam Rapp,1,6.7
Ossie Davis,1,6.7
Jerry Rees,1,6.7
Jérôme Salle,1,6.7
Deepa Mehta,2,6.699999999999999
Tim Johnson,2,6.699999999999999
Mark Romanek,2,6.699999999999999
Rian Johnson,2,6.699999999999999
Ridley Scott,16,6.69375
Woody Allen,21,6.685714285714286
Rob Reiner,11,6.681818181818182
F. Gary Gray,8,6.675
Antoine Fuqua,8,6.675
William Friedkin,6,6.666666666666667
Mike Binder,3,6.666666666666667
Kathryn Bigelow,3,6.666666666666667
Michael Dowse,2,6.65
Michael Cuesta,2,6.65
Bryan Singer,8,6.65
Todd Field,2,6.65
Colin Trevorrow,2,6.65
Nick Park,2,6.65
Christopher Smith,2,6.65
François Ozon,2,6.65
Tamara Jenkins,2,6.65
Tom Tykwer,5,6.640000000000001
Ron Howard,13,6.638461538461538
Sam Raimi,11,6.636363636363637
Taylor Hackford,6,6.633333333333333
Thomas Carter,3,6.633333333333333
James Foley,3,6.633333333333333
Stephen Chow,3,6.633333333333333
Noah Baumbach,3,6.633333333333333
Mark Dindal,3,6.633333333333333
Franklin J. Schaffner,3,6.633333333333333
Trey Parker,3,6.633333333333333
Greg Mottola,3,6.633333333333333
Christopher Guest,4,6.625
Jason Reitman,5,6.62
Stephen Frears,10,6.62
Andrew Niccol,5,6.62
Andrew Adamson,5,6.62
Zhang Yimou,6,6.616666666666667
Michael Mann,6,6.616666666666667
Mike Newell,7,6.614285714285714
Oliver Stone,14,6.614285714285714
Christopher McQuarrie,3,6.6000000000000005
Anton Corbijn,3,6.6000000000000005
J.C. Chandor,3,6.6000000000000005
Mark Pellington,3,6.6000000000000005
James Ivory,7,6.6000000000000005
Chris Eyre,1,6.6
Robert Lorenz,1,6.6
Michael Crichton,1,6.6
John Maclean,1,6.6
Hou Hsiao-hsien,1,6.6
Chad Hartigan,1,6.6
Russ Meyer,1,6.6
Andrew Currie,1,6.6
Hal Haberman,1,6.6
David Oelhoffen,1,6.6
Stuart Hazeldine,1,6.6
Dave McKean,1,6.6
John Wells,2,6.6
Paul Bunnell,1,6.6
Dan Fogelman,1,6.6
Errol Morris,1,6.6
Bruce McDonald,1,6.6
Ben Lewin,1,6.6
Michael Anderson,1,6.6
Newt Arnold,1,6.6
Jerry Zaks,1,6.6
Kang Woo-Suk,1,6.6
Nicholaus Goossen,1,6.6
Alex Gibney,1,6.6
David S. Ward,1,6.6
Vincente Minnelli,1,6.6
Anthony Stacchi,1,6.6
Billy Bob Thornton,2,6.6
Sean Byrne,1,6.6
Vipul Amrutlal Shah,1,6.6
Ralph Nelson,1,6.6
Randall Miller,1,6.6
David Robert Mitchell,1,6.6
Gillian Armstrong,2,6.6
Adam Carolla,1,6.6
Jeffrey St. Jules,1,6.6
Liliana Cavani,1,6.6
Liz Friedlander,1,6.6
Uli Edel,2,6.6
Chuck Sheetz,1,6.6
Shane Acker,1,6.6
Peter Sohn,1,6.6
Craig Bolotin,1,6.6
Tomas Alfredson,1,6.6
Garth Jennings,1,6.6
Gabriele Muccino,4,6.6
Lucio Fulci,1,6.6
Richard Wallace,1,6.6
Heidi Ewing,1,6.6
Ryan Little,1,6.6
Mateo Gil,1,6.6
Cecil B. DeMille,1,6.6
Jafar Panahi,1,6.6
Chris Columbus,11,6.590909090909091
Jon Favreau,6,6.583333333333333
Scott Hicks,5,6.58
Nicolas Winding Refn,4,6.575
Anthony Russo,4,6.575
Wolfgang Petersen,7,6.571428571428571
Patricia Riggen,3,6.566666666666666
Paul McGuigan,3,6.566666666666666
Steve Buscemi,2,6.550000000000001
Richard Eyre,2,6.550000000000001
Jeannot Szwarc,2,6.550000000000001
Troy Duffy,2,6.550000000000001
Karen Moncrieff,2,6.550000000000001
Guillaume Canet,2,6.55
Vadim Perelman,2,6.55
Cédric Klapisch,2,6.55
Nigel Cole,2,6.55
John Dahl,4,6.55
Paweł Pawlikowski,2,6.55
Marc Forster,8,6.5375
Scott Cooper,3,6.533333333333334
Joe Carnahan,3,6.533333333333334
Gore Verbinski,7,6.528571428571429
John Singleton,7,6.528571428571429
Jaume Balagueró,4,6.525
Brian De Palma,12,6.5249999999999995
Brad Anderson,5,6.5200000000000005
Gavin O'Connor,5,6.5200000000000005
Robert Redford,5,6.5200000000000005
Tony Scott,12,6.516666666666667
Caryn Waechter,1,6.5
Alejandro Agresti,1,6.5
Yoon Je-kyoon,1,6.5
Wilson Yip,1,6.5
Jeff Schaffer,1,6.5
Guillaume Ivernel,1,6.5
Drew Goddard,1,6.5
Dror Moreh,1,6.5
Bobcat Goldthwait,1,6.5
David Evans ,1,6.5
Penelope Spheeris,1,6.5
Penny Marshall,4,6.5
Peter R. Hunt,1,6.5
Taedong Park,1,6.5
Ben Younger,1,6.5
Aaron Schneider,1,6.5
David Nixon,1,6.5
Hideaki Anno,1,6.5
Michel Gondry,4,6.5
Joe Pytka,1,6.5
Sharon Maguire,1,6.5
Mars Callahan,1,6.5
Teddy Chan,2,6.5
Matthew Robbins,1,6.5
Matthew Bright,1,6.5
Jon Stewart,1,6.5
Howard Zieff,2,6.5
Jon Poll,1,6.5
Erik Canuel,1,6.5
Shari Springer Berman,2,6.5
Marcus Raboy,2,6.5
Shinji Aramaki,1,6.5
Craig Gillespie,4,6.5
Costa-Gavras,2,6.5
Larry Blamire,1,6.5
George Stevens,1,6.5
John Hillcoat,3,6.5
Lynn Shelton,1,6.5
Frank Perry,1,6.5
Fred Durst,1,6.5
Richard Rich,1,6.5
Chris Wedge,3,6.5
Richard Raymond,1,6.5
Lajos Koltai,1,6.5
Dan Cutforth,1,6.5
Dennis Hopper,1,6.5
Stanley Tong,1,6.5
Antonio Banderas,1,6.5
Nate Parker,1,6.5
Bibo Bergeron,1,6.5
Dave Willis,1,6.5
Peter Stebbings,1,6.5
Randal Kleiser,3,6.5
Juan Carlos Fresnadillo,1,6.5
George Nolfi,1,6.5
Rania Attieh,1,6.5
Gary Hardwick,1,6.5
Damien O'Donnell,1,6.5
Nima Nourizadeh,1,6.5
Rich Cowan,1,6.5
Christine Jeffs,1,6.5
Lisa Cholodenko,1,6.5
Rebecca Miller,1,6.5
Jack Heller,1,6.5
Jack Conway,1,6.5
Gavin Wiesen,1,6.5
Gerard Johnstone,1,6.5
Xavier Beauvois,1,6.5
Adam Goldberg,1,6.5
Zack Snyder,7,6.485714285714286
Alex Proyas,5,6.4799999999999995
Nancy Meyers,5,6.4799999999999995
John Sayles,4,6.475
Mike Judge,4,6.475
Gavin Hood,4,6.475
Neil Burger,4,6.475
Jerry Zucker,4,6.475
Lilly Wachowski,6,6.466666666666668
Baltasar Kormákur,3,6.466666666666666
Adam McKay,6,6.466666666666666
Len Wiseman,3,6.466666666666666
Norman Jewison,5,6.460000000000001
John Carpenter,10,6.459999999999999
Spike Lee,16,6.45625
Richard Donner,11,6.454545454545454
Werner Herzog,2,6.45
Sean McNamara,2,6.45
Randall Wallace,4,6.45
Justin Chadwick,2,6.45
D.J. Caruso,4,6.45
Guy Hamilton,6,6.45
Carlos Saldanha,4,6.45
Peter Hedges,2,6.45
Michael Radford,2,6.45
Ted Post,2,6.45
Rodrigo García,2,6.45
Michael O. Sajbel,2,6.449999999999999
Kenneth Lonergan,2,6.449999999999999
Ed Harris,2,6.449999999999999
Jake Schreier,2,6.449999999999999
Mike Mills,2,6.449999999999999
Michael Mayer,2,6.449999999999999
Robert Altman,3,6.433333333333334
Warren Beatty,3,6.433333333333334
David Ayer,6,6.433333333333334
Iain Softley,4,6.425
Luc Besson,5,6.42
Gary Fleder,6,6.416666666666667
Jake Scott,1,6.4
Bradley Rust Gray,1,6.4
Cyrus Nowrasteh,1,6.4
Maksim Fadeev,1,6.4
Brian Klugman,1,6.4
Cody Cameron,1,6.4
István Szabó,1,6.4
Karim Aïnouz,1,6.4
David Schwimmer,2,6.4
Katherine Brooks,1,6.4
Gia Coppola,1,6.4
Lucile Hadzihalilovic,1,6.4
Jeta Amata,1,6.4
Zal Batmanglij,2,6.4
Phil Vischer,1,6.4
Kyle Balda,1,6.4
Frank Nissen,1,6.4
Chris Nahon,1,6.4
Jason Bateman,1,6.4
Jamin Winans,1,6.4
Gregory Widen,1,6.4
Udayan Prasad,1,6.4
Peter Care,1,6.4
Peter Flinth,1,6.4
Terence Davies,1,6.4
Audrey Wells,1,6.4
Fede Alvarez,1,6.4
Michael Clancy,1,6.4
Michael Dinner,1,6.4
Michael Patrick Jann,1,6.4
Kim Jee-woon,2,6.4
Herbert Ross,1,6.4
Kief Davidson,1,6.4
Sut Jhally,1,6.4
Sydney Pollack,5,6.4
Henry Koster,1,6.4
Pete Travis,2,6.4
David Carson,1,6.4
Pete Jones,1,6.4
Pat O'Connor,1,6.4
Peter Lord,1,6.4
Paul Andrew Williams,2,6.4
Mel Smith,1,6.4
Emilio Estevez,1,6.4
James Watkins,2,6.4
Billy Ray,2,6.4
Kevin Brodie,1,6.4
Drake Doremus,1,6.4
Darren Grant,1,6.4
Patricia Rozema,1,6.4
Paul Michael Glaser,1,6.4
Bruce Malmuth,1,6.4
Wade Gasque,1,6.4
Nae Caranfil,1,6.4
Dean Wright,1,6.4
Dean Israelite,1,6.4
Mitch Davis,2,6.4
Noah Buschel,1,6.4
Ice Cube,1,6.4
Andrew Dominik,2,6.4
Kelly Reichardt,3,6.3999999999999995
James Bobin,3,6.3999999999999995
Tim Story,7,6.3999999999999995
Louis Leterrier,6,6.3999999999999995
Michael Bay,12,6.3999999999999995
Wong Kar-wai,3,6.3999999999999995
Cameron Crowe,6,6.3999999999999995
Rawson Marshall Thurber,3,6.3999999999999995
Will Gluck,3,6.3999999999999995
Jay Russell,3,6.366666666666667
Brad Furman,3,6.366666666666667
Leonard Nimoy,3,6.366666666666667
Peter Berg,6,6.366666666666667
Kimberly Peirce,3,6.366666666666667
Jodie Foster,3,6.366666666666667
Phillip Noyce,9,6.366666666666667
Neil Jordan,8,6.3625
John Madden,5,6.36
Tobe Hooper,5,6.36
Bill Condon,5,6.359999999999999
Richard Lester,5,6.359999999999999
Roger Donaldson,7,6.357142857142857
David Dobkin,4,6.35
Steve Martino,2,6.35
David Twohy,4,6.35
Jonathan Lynn,4,6.35
Fenton Bailey,2,6.35
Joseph Kosinski,2,6.35
James McTeigue,4,6.35
Vic Sarin,2,6.35
Anne Fontaine,2,6.35
Rupert Wyatt,2,6.35
Ronald F. Maxwell,2,6.35
Richard Schenkman,2,6.35
Curtis Hanson,7,6.3428571428571425
Kevin Reynolds,5,6.34
John McTiernan,10,6.34
Anand Tucker,3,6.333333333333333
Lewis Gilbert,3,6.333333333333333
Ruben Fleischer,3,6.333333333333333
Jaume Collet-Serra,6,6.333333333333333
Roger Michell,3,6.333333333333333
Don Coscarelli,3,6.333333333333333
Oliver Parker,3,6.333333333333333
Nicholas Hytner,3,6.333333333333333
Steven Soderbergh,15,6.326666666666667
David Frankel,4,6.325
Pierre Morel,4,6.325
James Gray,4,6.325
Eric Darnell,4,6.325
Jonathan Levine,4,6.325
Kirk Jones,5,6.32
Brian Helgeland,5,6.32
Barry Levinson,13,6.3076923076923075
Walter Lang,2,6.300000000000001
Tyler Perry,9,6.300000000000001
Phyllida Lloyd,2,6.300000000000001
Jessie Nelson,2,6.300000000000001
Laurent Tirard,2,6.300000000000001
Lorene Scafaria,1,6.3
Vicente Amorim,1,6.3
Kenny Ortega,5,6.3
Jeremy Brock,1,6.3
Michael Worth,1,6.3
Jamie Babbit,2,6.3
Mike Barker,1,6.3
Don Taylor,1,6.3
Douglas Trumbull,1,6.3
Max Färberböck,1,6.3
E.L. Katz,1,6.3
Dustin Hoffman,1,6.3
Takashi Yamazaki,1,6.3
Max Joseph,1,6.3
Linda Mendoza,1,6.3
Gary Halvorson,1,6.3
Floria Sigismondi,1,6.3
Frank LaLoggia,1,6.3
Mabel Cheung,1,6.3
Jonathan Glazer,3,6.3
Lucky McKee,1,6.3
Marc Abraham,1,6.3
Vincent Gallo,2,6.3
Victor Salva,3,6.3
Inna Evlannikova,1,6.3
Jun Falkenstein,1,6.3
Joby Harold,1,6.3
Jim Sheridan,3,6.3
Jessica Bendinger,1,6.3
Joe Cornish,1,6.3
Gregory Jacobs,1,6.3
Harald Reinl,1,6.3
Tony Bill,1,6.3
Greg Berlanti,1,6.3
Laurie Collyer,1,6.3
Steven R. Monroe,1,6.3
Brian Dannelly,1,6.3
Siddiq Barmak,1,6.3
Peter Chan,1,6.3
John McNaughton,1,6.3
Paul Verhoeven,5,6.3
Daniel Espinosa,3,6.3
Dan Harris,1,6.3
Peter Faiman,1,6.3
Daniel Myrick,1,6.3
David Boyd,1,6.3
Dave Meyers,1,6.3
Bill Duke,1,6.3
Nicholas Ray,1,6.3
David F. Sandberg,1,6.3
P.J. Hogan,1,6.3
Sngmoo Lee,1,6.3
Mike McCoy,1,6.3
Sammo Hung,1,6.3
Richard E. Grant,1,6.3
John Gatins,1,6.3
Christophe Gans,1,6.3
Craig Zobel,1,6.3
Brian Herzlinger,1,6.3
Christian Alvart,2,6.3
Chris D'Arienzo,1,6.3
Robert Eggers,1,6.3
Robert Moresco,1,6.3
Rodrigo Cortés,2,6.3
Roger Nygard,1,6.3
Alan Taylor,2,6.3
Alan Alda,1,6.3
Whit Stillman,2,6.3
David O. Russell,8,6.2875
Mira Nair,5,6.279999999999999
George Clooney,5,6.279999999999999
Mikael Håfström,4,6.275
John Woo,7,6.271428571428571
George Miller,7,6.271428571428571
John Waters,3,6.266666666666667
David Slade,3,6.266666666666667
Shana Feste,3,6.266666666666667
Gregory Hoblit,3,6.266666666666667
Michael Apted,5,6.26
Rob Marshall,5,6.26
Frank Oz,7,6.257142857142857
Jon Turteltaub,7,6.257142857142857
Peter Cattaneo,4,6.25
Martin Campbell,8,6.25
Mikael Salomon,2,6.25
Daniel Lee,2,6.25
Sylvester Stallone,2,6.25
Steven Shainberg,2,6.25
Tom Hanks,2,6.25
Roger Spottiswoode,4,6.25
Gil Kenan,2,6.25
Irwin Winkler,4,6.25
Matt Reeves,4,6.25
Justin Lin,5,6.24
Rod Lurie,5,6.24
Mimi Leder,3,6.233333333333333
James DeMonaco,3,6.233333333333333
Olivier Megaton,3,6.233333333333333
Mike Nichols,6,6.233333333333333
Charles Martin Smith,3,6.233333333333333
John Milius,3,6.233333333333333
Atom Egoyan,6,6.233333333333333
Barry Sonnenfeld,7,6.228571428571429
Vincenzo Natali,4,6.225
Jeff Tremaine,4,6.225
Burr Steers,4,6.225
Barbra Streisand,3,6.2
Scott Frank,1,6.2
Sam Taylor-Johnson,2,6.2
Brian Gibson,2,6.2
René Féret,1,6.2
Peyton Reed,4,6.2
Dennis Iliadis,1,6.2
Nick Tomnay,1,6.2
Neil LaBute,3,6.2
Jonathan Kaplan,1,6.2
Peter Webber,2,6.2
Collin Schiffli,1,6.2
Jonathan English,1,6.2
Dick Richards,1,6.2
Joshua Logan,1,6.2
Gary Shore,1,6.2
Patrick Tatopoulos,1,6.2
Darren Lynn Bousman,5,6.2
Ralph Zondag,1,6.2
Nicholas Fackler,1,6.2
Gareth Edwards,1,6.2
Mamoru Hosoda,1,6.2
Gerald Potterton,1,6.2
Leigh Whannell,1,6.2
Frank Borzage,1,6.2
Matthew O'Callaghan,1,6.2
Gérard Krawczyk,1,6.2
Agnieszka Holland,1,6.2
King Vidor,3,6.2
Hans Canosa,1,6.2
Mathieu Amalric,1,6.2
Eldar Rapaport,1,6.2
Mark Mylod,1,6.2
Florent-Emilio Siri,1,6.2
Eric Nicholas,1,6.2
Melville Shavelson,1,6.2
Jean-Paul Rappeneau,2,6.2
Brian Baugh,1,6.2
Richard Shepard,3,6.2
Asger Leth,1,6.2
Amat Escalante,1,6.2
Alex Smith,1,6.2
David Lowery,1,6.2
Miguel Sapochnik,1,6.2
Jeremy Leven,1,6.2
Allan Dwan,1,6.2
John Francis Daley,1,6.2
Rob McKittrick,1,6.2
Robert Towne,1,6.2
Robert B. Weide,1,6.2
John Hamburg,3,6.2
Sam Levinson,1,6.2
Chris Atkins,1,6.2
Chris Miller,2,6.2
Jim Mickle,1,6.2
Carlos Carrera,1,6.2
Étienne Faure,1,6.2
Gil Junger,2,6.199999999999999
Adrian Lyne,4,6.199999999999999
Andrew Bujalski,2,6.199999999999999
Roger Avary,2,6.199999999999999
Seth Rogen,2,6.199999999999999
Todd Phillips,7,6.185714285714285
David Koepp,5,6.180000000000001
Andrew Davis,4,6.175
Jared Hess,3,6.166666666666667
Angelina Jolie,3,6.166666666666667
Jane Campion,3,6.166666666666667
Richard Loncraine,3,6.166666666666667
Neil Marshall,3,6.166666666666667
Joel Schumacher,13,6.161538461538461
Richard LaGravenese,5,6.16
Kevin Smith,12,6.158333333333334
George A. Romero,7,6.1571428571428575
Frank Marshall,4,6.15
Kevin Tancharoen,2,6.15
John Curran,2,6.15
Chris Noonan,2,6.15
Kurt Hale,2,6.15
Julian Gilbey,2,6.15
Jon Hurwitz,2,6.15
Jonas Åkerlund,2,6.15
Mike Figgis,2,6.15
John Turturro,2,6.15
Ben Wheatley,2,6.15
Sylvain White,2,6.15
Catherine Hardwicke,6,6.1499999999999995
Joe Dante,6,6.1499999999999995
Robert Schwentke,6,6.1499999999999995
Brett Ratner,9,6.144444444444444
Tom Shadyac,7,6.142857142857143
Carl Franklin,3,6.133333333333333
Michael Schultz,3,6.133333333333333
Walter Salles,3,6.133333333333333
Richard Fleischer,4,6.125
Jonathan Mostow,4,6.125
John Glen,5,6.12
Nicole Holofcener,5,6.119999999999999
Mark Waters,6,6.116666666666667
Harold Ramis,8,6.1125
Jeff Wadlow,3,6.1000000000000005
Seth MacFarlane,3,6.1000000000000005
Richard Kelly,3,6.1000000000000005
Joe Camp,1,6.1
Thomas Bezucha,2,6.1
Joel Anderson,1,6.1
Tony Goldwyn,2,6.1
Jim Hanon,1,6.1
Alan J. Pakula,2,6.1
Jez Butterworth,1,6.1
Jill Culton,1,6.1
Beeban Kidron,1,6.1
Andrea Di Stefano,1,6.1
Alexander Witt,1,6.1
Andy Cadiff,1,6.1
Risa Bramon Garcia,1,6.1
Scott Walker,1,6.1
Susan Stroman,1,6.1
Boris Rodriguez,1,6.1
Bonnie Hunt,1,6.1
Stephen Norrington,2,6.1
Beto Gómez,1,6.1
Steve Bendelack,1,6.1
Tom Gormican,1,6.1
Russell Holt,1,6.1
Sheldon Lettich,2,6.1
Brian Caunter,1,6.1
Scott Waugh,1,6.1
Robin Budd,1,6.1
Rodman Flender,1,6.1
Charles Binamé,1,6.1
John Gulager,1,6.1
Adam Rifkin,2,6.1
Khalid Mohammed,1,6.1
Lori Petty,1,6.1
Leon Ford,1,6.1
Leslie H. Martinson,1,6.1
Lloyd Bacon,1,6.1
Hunter Richards,1,6.1
Kirk Wong,1,6.1
Martin Brest,4,6.1
Gary Nelson,1,6.1
Marianna Palka,1,6.1
Kari Skogland,1,6.1
Gary McKendry,1,6.1
James Whale,1,6.1
Robert Duvall,1,6.1
Lawrence Kasdan,5,6.1
Noam Murro,1,6.1
James Dodson,1,6.1
Colin Minihan,1,6.1
David Duchovny,1,6.1
Conor McPherson,1,6.1
David Bowers,4,6.1
Damian Nieman,1,6.1
Måns Mårlind,1,6.1
Nicholas Jarecki,1,6.1
Nils Gaup,1,6.1
Patrick Hughes,1,6.1
Mike Hodges,1,6.1
Jonathan Jakubowicz,1,6.1
David Soren,1,6.1
Jonathan Hensleigh,1,6.1
Derrick Borte,1,6.1
George Hickenlooper,2,6.1
Julie Anne Robinson,2,6.1
Andy Tennant,6,6.083333333333333
Joe Johnston,4,6.075
Ken Kwapis,4,6.075
Jon Amiel,4,6.075
Henry Joost,3,6.066666666666666
Davis Guggenheim,3,6.066666666666666
Nimród Antal,3,6.066666666666666
Douglas McGrath,3,6.066666666666666
Tony Gilroy,3,6.066666666666666
Anne Fletcher,5,6.0600000000000005
Ariel Vromen,2,6.050000000000001
Mark L. Lester,4,6.050000000000001
Claude Chabrol,2,6.050000000000001
Todd Graff,2,6.050000000000001
Chris Weitz,6,6.05
Jay Roach,8,6.05
Jay Duplass,4,6.05
Sanaa Hamri,2,6.05
Brad Silberling,4,6.05
Victor Nunez,2,6.05
William Dear,2,6.05
Jon Gunn,2,6.05
Hugh Hudson,2,6.05
Mike Flanagan,2,6.05
Ira Sachs,2,6.05
E. Elias Merhige,2,6.05
Kevin Spacey,2,6.05
Larry Charles,5,6.040000000000001
David Gordon Green,8,6.0375
Adam Shankman,8,6.0375
Simon Wells,3,6.033333333333334
John Erick Dowdle,4,6.025
Harold Becker,4,6.025
Scott Derrickson,4,6.025
Gary Winick,5,6.0200000000000005
Peter Segal,7,6.014285714285714
Roland Emmerich,8,6.0125
Garry Marshall,8,6.0125
Peter Kassovitz,1,6.0
Dan Rush,1,6.0
Paul Weiland,1,6.0
David Caffrey,1,6.0
James Kerwin,1,6.0
David Atkins,1,6.0
Ricky Gervais,1,6.0
Hart Bochner,1,6.0
Peter Atencio,1,6.0
Dan Zukovic,1,6.0
Regardt van den Bergh,1,6.0
Dagur Kári,1,6.0
Clark Gregg,1,6.0
Philip G. Atwell,1,6.0
Aaron Hann,1,6.0
Rob Schmidt,1,6.0
Cedric Nicolas-Troyan,1,6.0
Karey Kirkpatrick,2,6.0
Ian Sharp,1,6.0
Todd Strauss-Schulson,1,6.0
Dean Parisot,4,6.0
Anurag Basu,1,6.0
Bruno Barreto,1,6.0
Scott Ziehl,1,6.0
Michael Spierig,1,6.0
Michael Ritchie,3,6.0
Jean-François Richet,1,6.0
James Bidgood,1,6.0
Anthony Mann,1,6.0
Thomas Lilti,1,6.0
Siddharth Anand,1,6.0
Jon M. Chu,5,6.0
Jon Lucas,2,6.0
David Rodriguez,1,6.0
Jon Wright,1,6.0
Nanette Burstein,1,6.0
Monte Hellman,1,6.0
Rupert Wainwright,1,6.0
Ryûhei Kitamura,1,6.0
Robert Lee King,1,6.0
Andy García,1,6.0
Tony Jaa,1,6.0
Allison Anders,2,6.0
Andrew Douglas,1,6.0
Alexandre Aja,4,6.0
Christian Robinson,1,6.0
Conrad Vernon,3,6.0
Ash Baron-Cohen,1,6.0
Fred Schepisi,1,6.0
Tadeo Garcia,1,6.0
Frederik Du Chau,2,6.0
Julie Davis,1,6.0
Michael Cohn,1,6.0
Barry Skolnick,1,6.0
Matt Johnson,1,6.0
Alex Rivera,1,6.0
Jill Sprecher,2,6.0
Akiva Goldsman,1,6.0
Stephen Milburn Anderson,1,6.0
Feroz Abbas Khan,1,6.0
Franck Khalfoun,1,6.0
Ben Stiller,5,6.0
Stig Bergqvist,1,6.0
Brad J. Silverman,1,6.0
Blaž Završnik,1,6.0
Soi Cheang,1,6.0
Michael Landon Jr.,2,6.0
Susanna White,2,6.0
Andy Muschietti,1,6.0
Shawn Levy,11,5.990909090909091
Stephen Herek,8,5.9750000000000005
Peter Howitt,4,5.975
Andrew Fleming,4,5.975
James L. Brooks,3,5.966666666666666
Jesse Dylan,3,5.966666666666666
Danny DeVito,3,5.966666666666666
Robert Luketic,6,5.966666666666666
Kasi Lemmons,3,5.966666666666666
Nicholas Stoller,5,5.96
Lee Tamahori,5,5.96
Malcolm D. Lee,7,5.957142857142857
Michael Lembeck,2,5.95
Clare Kilner,2,5.95
Stephen Sommers,4,5.95
George Armitage,2,5.95
Barry Cook,2,5.95
Bob Rafelson,2,5.95
Wes Craven,10,5.95
Tony Richardson,2,5.949999999999999
Elizabeth Allen Rosenbaum,2,5.949999999999999
Steve Oedekerk,4,5.949999999999999
Ben Stassen,2,5.949999999999999
Stuart Baird,2,5.949999999999999
Miguel Arteta,5,5.9399999999999995
Nora Ephron,3,5.933333333333334
John Boorman,3,5.933333333333334
Stefan Ruzowitzky,3,5.933333333333333
Amy Heckerling,4,5.925
Paul Feig,4,5.925
Judd Apatow,5,5.92
Kevin Greutert,2,5.9
Ralph Fiennes,1,5.9
Alan Yuen,1,5.9
Clark Baker,1,5.9
Christopher Spencer,1,5.9
Hironobu Sakaguchi,1,5.9
Phil Alden Robinson,1,5.9
Kevin Tenney,1,5.9
Kevin Bray,2,5.9
Dan St. Pierre,1,5.9
Daniel Barnz,2,5.9
Tommy Wirkola,2,5.9
Laurence Dunmore,1,5.9
David LaChapelle,1,5.9
David Jacobson,1,5.9
David Hewlett,1,5.9
Ulu Grosbard,1,5.9
Christian Ditter,1,5.9
Paul Bartel,1,5.9
Hue Rhodes,1,5.9
Wally Pfister,1,5.9
Danny Leiner,2,5.9
Chris Renaud,1,5.9
Brian Yuzna,1,5.9
Mike Nawrocki,1,5.9
Tim Fywell,1,5.9
Ivan Engler,1,5.9
Jonathan Kesselman,1,5.9
Ronan Chapalain,1,5.9
Roland Suso Richter,1,5.9
Niels Arden Oplev,1,5.9
Robert Sarkies,1,5.9
Anthony Hemingway,1,5.9
Tom Holland,2,5.9
Grant Heslov,1,5.9
Rowan Joffe,2,5.9
David Webb Peoples,1,5.9
Tom Vaughan,2,5.9
Salim Akil,2,5.9
Rowdy Herrington,2,5.9
Carl Rinsch,1,5.9
Sally Potter,1,5.9
Andrew Jarecki,1,5.9
Bruce Campbell,1,5.9
Joseph Gordon-Levitt,1,5.9
John Fortenberry,1,5.9
Mike Marvin,1,5.9
Ash Brannon,1,5.9
Lisa Azuelos,1,5.9
Liv Ullmann,1,5.9
Lori Silverbush,1,5.9
Edward Burns,4,5.9
Joey Lauren Adams,1,5.9
Takao Okawara,1,5.9
Michael D. Olmos,1,5.9
Edward Norton,1,5.9
Michael Dougherty,1,5.9
Michael Gornick,1,5.9
Michael Haigney,1,5.9
M. Night Shyamalan,9,5.9
Benson Lee,1,5.9
Josh Gordon,2,5.9
Steven Zaillian,2,5.9
Jeb Stuart,2,5.9
Etan Cohen,1,5.9
Jeff Nathanson,1,5.9
Fergal Reilly,1,5.9
Marcus Dunstan,1,5.9
Colin Higgins,1,5.9
Benedek Fliegauf,1,5.9
Martha Coolidge,1,5.9
Zak Penn,1,5.9
Keith Gordon,1,5.9
Cory Edwards,1,5.9
Jim Field Smith,1,5.9
Jean-Marie Poiré,3,5.8999999999999995
George P. Cosmatos,3,5.8999999999999995
Michael Winterbottom,6,5.8999999999999995
McG,6,5.883333333333333
Stephen Hopkins,6,5.883333333333333
Michael Polish,5,5.88
Rob Minkoff,5,5.88
Robert Rodriguez,16,5.875
Rob Bowman,4,5.875
Tarsem Singh,4,5.875
Timur Bekmambetov,4,5.875
Breck Eisner,3,5.866666666666667
Peter Chelsom,5,5.86
John Frankenheimer,5,5.86
Wayne Wang,5,5.86
Mark Steven Johnson,2,5.85
Ivan Reitman,8,5.85
Danny Cannon,2,5.85
Steven Quale,2,5.85
Kevin Lima,2,5.85
Stuart Gordon,2,5.85
Barbet Schroeder,2,5.85
Brian Koppelman,2,5.85
Sergei Bodrov,2,5.85
Sean Anders,4,5.85
Kurt Wimmer,2,5.85
Jon Avnet,3,5.833333333333333
Lloyd Kaufman,3,5.833333333333333
Dominic Sena,3,5.833333333333333
Thor Freudenthal,3,5.833333333333333
Charles Herman-Wurmfeld,3,5.833333333333333
John Schlesinger,3,5.833333333333333
Bobby Farrelly,11,5.827272727272727
Jake Kasdan,4,5.825
Simon West,8,5.825
Russell Mulcahy,4,5.825
Paul W.S. Anderson,10,5.8100000000000005
Xavier Gens,2,5.800000000000001
Blake Edwards,2,5.800000000000001
Michael Rymer,2,5.800000000000001
Matt Walsh,1,5.8
Stephen St. Leger,1,5.8
Forest Whitaker,1,5.8
Henry Selick,2,5.8
Emma-Kate Croghan,1,5.8
Paul Abascal,1,5.8
Michael Cristofer,1,5.8
David Anspaugh,1,5.8
Robert Cary,1,5.8
Mennan Yapo,1,5.8
Stephan Elliott,2,5.8
Michael Jai White,1,5.8
Michael McCullers,1,5.8
Fred Walton,1,5.8
Jean-Marc Barr,1,5.8
William Arntz,1,5.8
Billy Kent,1,5.8
Peter Cousens,1,5.8
Joshua Michael Stern,1,5.8
John Stephenson,1,5.8
Ramaa Mosley,1,5.8
J. Lee Thompson,2,5.8
Franco Zeffirelli,1,5.8
Daniel Taplitz,1,5.8
Clark Johnson,2,5.8
Rafa Lara,1,5.8
William Eubank,1,5.8
Steve Taylor,1,5.8
Alister Grierson,1,5.8
Pat Holden,1,5.8
David Lam,1,5.8
Tay Garnett,1,5.8
Michael Pressman,1,5.8
Ole Bornedal,1,5.8
Olatunde Osunsanmi,1,5.8
Anthony Silverston,1,5.8
Joachim Rønning,1,5.8
Babak Najafi,1,5.8
Tim Blake Nelson,1,5.8
Demian Lichtenstein,1,5.8
Mike Tollin,2,5.8
Olivier Dahan,1,5.8
Jackie Earle Haley,1,5.8
Deryck Broom,1,5.8
Brendan Malloy,1,5.8
Seth Gordon,3,5.8
George Gallo,2,5.8
James Fargo,1,5.8
Lance Mungia,1,5.8
Robert Stevenhagen,1,5.8
John H. Lee,1,5.8
Sacha Bennett,1,5.8
Ryan Murphy,2,5.8
Jon Kasdan,1,5.8
Jamie Travis,1,5.8
Jason Alexander,1,5.8
Àlex Pastor,1,5.8
Rupert Sanders,1,5.8
Cathy Malkasian,1,5.8
John Laing,1,5.8
John Lafia,1,5.8
Alain Resnais,1,5.8
Luke Greenfield,4,5.8
Jon Cassar,1,5.8
Gary David Goldberg,1,5.8
Eric Lavaine,1,5.8
Emily Young,1,5.8
Paul Tibbitt,1,5.8
Akiva Schaffer,2,5.8
Peter Yates,1,5.8
Mark Rosman,2,5.8
Jeff Crook,1,5.8
Christopher Cain,2,5.8
Ric Roman Waugh,1,5.8
Ron Shelton,4,5.775
Hugh Wilson,4,5.775
Frank Coraci,7,5.771428571428571
Andy Fickman,6,5.766666666666667
Andrei Konchalovsky,2,5.75
Dave Green,2,5.75
Keenen Ivory Wayans,4,5.75
John Herzfeld,2,5.75
Callie Khouri,2,5.75
Marc Lawrence,3,5.733333333333333
Michael Caton-Jones,4,5.725
Renny Harlin,15,5.72
Panos Cosmatos,1,5.7
Ed Decter,1,5.7
Patrick Meaney,1,5.7
Tony Maylam,1,5.7
Blair Erickson,1,5.7
John Pasquin,3,5.7
Daniel Hsia,1,5.7
Kerry Conran,1,5.7
Quentin Dupieux,1,5.7
Ray Lawrence,1,5.7
Álex de la Iglesia,1,5.7
Walter Hill,4,5.7
Alan Poul,1,5.7
Roger Vadim,1,5.7
Jason Eisener,1,5.7
Adam Green,1,5.7
Claudia Sainte-Luce,1,5.7
Justin Zackham,1,5.7
Robert Townsend,1,5.7
Callan Brunker,1,5.7
Brian Taylor,4,5.7
Ti West,2,5.7
Robert Heath,1,5.7
Tom McLoughlin,1,5.7
Steve Hickner,1,5.7
Allen Hughes,1,5.7
Tommy O'Haver,2,5.7
Tod Williams,1,5.7
Jake Paltrow,1,5.7
Joan Chen,1,5.7
David Mirkin,1,5.7
Tom Kalin,1,5.7
Jon Knautz,3,5.7
Tom Seidman ,1,5.7
Gene Quintano,1,5.7
Bronwen Hughes,1,5.7
John 'Bud' Cardos,1,5.7
Brandon Cronenberg,1,5.7
David Hayter,1,5.7
Hayley Cloake,1,5.7
Bob Gosse,1,5.7
Kinka Usher,1,5.7
Harold Cronk,1,5.7
Jack Sholder,1,5.7
Jack Perez,1,5.7
Jeff Garlin,1,5.7
Kevin Rodney Sullivan,3,5.7
Stefan C. Schaefer,1,5.7
Dan Mazer,1,5.7
Jim Fall,1,5.7
Will Finn,1,5.7
Maria Maggenti,1,5.7
Peter MacDonald,1,5.7
Peter Medak,1,5.7
Michael Corrente,2,5.699999999999999
Luis Mandoki,2,5.699999999999999
Deborah Kaplan,2,5.699999999999999
Rob Zombie,4,5.699999999999999
Steve Miner,5,5.68
Mike Mitchell,4,5.675
Joe Nussbaum,3,5.666666666666667
James Cox,3,5.666666666666667
Howard Deutch,3,5.666666666666667
Gurinder Chadha,3,5.666666666666667
Steve Pink,3,5.666666666666667
Dennis Dugan,9,5.655555555555555
John Luessenhop,2,5.65
Preston A. Whitmore II,2,5.65
Norton Virgien,2,5.65
David Leland,2,5.65
Mick Jackson,2,5.65
Jay Chandrasekhar,4,5.6499999999999995
Ron Underwood,3,5.633333333333333
Walt Becker,4,5.625
Donald Petrie,8,5.625
John Stockwell,4,5.625
John Schultz,3,5.6000000000000005
Patrick Stettner,2,5.6
Daryl Wein,1,5.6
Maggie Greenwald,1,5.6
Alan Cohn,1,5.6
George Ratliff,1,5.6
Ekachai Uekrongtham,1,5.6
Gabe Ibáñez,1,5.6
Emile Ardolino,1,5.6
Barnaby Thompson,1,5.6
Ben Garant,1,5.6
Jeff Kanew,1,5.6
Marc Schölermann,1,5.6
Daniel Stamm,1,5.6
J Blakeson,1,5.6
Joseph Zito,2,5.6
Bill Muir,1,5.6
Mathieu Kassovitz,2,5.6
Agustín Díaz Yanes,1,5.6
Mark Tonderai,1,5.6
Remo D'Souza,1,5.6
Steve Trenbirth,1,5.6
Harald Zwart,2,5.6
Analeine Cal y Mayor,1,5.6
Tuck Tucker,1,5.6
Tran Anh Hung,1,5.6
Erik White,1,5.6
Pascal Chaumeil,1,5.6
Jason Stone,1,5.6
Joshua Seftel,1,5.6
Jennifer Flackett,1,5.6
Kyle Rankin,1,5.6
André Téchiné,1,5.6
Lexi Alexander,1,5.6
Jack Smight,2,5.6
Jody Hill,1,5.6
Geoff Murphy,1,5.6
David E. Talbert,1,5.6
Shyam Madiraju,1,5.6
Joe Swanberg,2,5.6
Scott Mann,1,5.6
Brandon Camp,1,5.6
Jorge Blanco,1,5.6
Tina Gordon Chism,1,5.6
Juraj Jakubisko,1,5.6
Noel Marshall,1,5.6
Lena Dunham,1,5.6
Ryan Smith,1,5.6
Tom Elkins,1,5.6
Carter Smith,1,5.6
Cassandra Nicolaou,1,5.6
Émile Gaudreault,1,5.6
Jonathan Frakes,4,5.6
Charles Stone III,2,5.6
Charles Shyer,1,5.6
William Shatner,1,5.6
DJ Pooh,2,5.6
Ken Scott,2,5.6
Ken Shapiro,1,5.6
Chuck Russell,6,5.566666666666666
Brad Peyton,3,5.566666666666666
Tom Dey,3,5.566666666666666
Rob Letterman,2,5.550000000000001
Mary Lambert,2,5.550000000000001
Tamra Davis,2,5.550000000000001
John Polson,2,5.55
John A. Davis,2,5.55
Jan de Bont,5,5.54
Chris Rock,3,5.533333333333334
Peter Hyams,6,5.533333333333334
Steve Carr,4,5.525
John Moore,4,5.525
Rob Cohen,9,5.522222222222222
Jonathan Liebesman,5,5.5200000000000005
Marcos Siega,1,5.5
Rakesh Roshan,1,5.5
Peter Lepeniotis,1,5.5
Mark Christopher,1,5.5
Mark Illsley,1,5.5
Mark Helfrich,1,5.5
Allison Burnett,1,5.5
Roger Kumble,3,5.5
Kate Barker-Froyland,1,5.5
Kevin Allen,2,5.5
Reinhard Klooss,1,5.5
Reed Cowan,1,5.5
Rachel Goldenberg,1,5.5
Conor McMahon,1,5.5
Jamie Thraves,1,5.5
Scott Foley,1,5.5
Chris Carter,1,5.5
Robert D. Webb,1,5.5
Michel O. Scott,1,5.5
David Hackl,2,5.5
Scott Kalvert,1,5.5
Joel Paul Reisig,2,5.5
Levan Gabriadze,1,5.5
Simon Wincer,4,5.5
Jonathan Wacks,1,5.5
Joel Gallen,1,5.5
Dax Shepard,1,5.5
David Nutter,1,5.5
Bruce Paltrow,1,5.5
Jon Erwin,1,5.5
David Moreau,1,5.5
Mora Stephens,1,5.5
Eric Brevig,2,5.5
Khalil Sullins,1,5.5
Ericson Core,1,5.5
John Cornell,1,5.5
Paul Fox,1,5.5
Bille Woodruff,4,5.5
Josh Trank,2,5.5
Matt Piedmont,1,5.5
William Kaufman,2,5.5
Mark Tarlov,1,5.5
Daniel Algrant,1,5.5
Christopher Bessette,1,5.5
Fina Torres,1,5.5
Wil Shriner,1,5.5
Josh Schwartz,1,5.5
Betty Thomas,4,5.5
Ernie Barbarash,2,5.5
Maggie Carey,1,5.5
Bob Dolman,1,5.5
Steve Carver,1,5.5
Jason Miller,1,5.5
Emily Dell,1,5.5
Phil Joanou,2,5.5
Mary Pat Kelly,1,5.5
Takashi Shimizu,2,5.5
Eric Eason,1,5.5
Timothy Bjorklund,1,5.5
John Duigan,1,5.5
Wayne Beach,1,5.5
David R. Ellis,5,5.4799999999999995
David Wain,4,5.475
Ronny Yu,4,5.475
Michael Lehmann,3,5.466666666666666
Paul Schrader,6,5.466666666666666
Tim Hill,5,5.46
Camille Delamarre,2,5.45
Gregor Jordan,2,5.45
Peter Hewitt,4,5.45
C. Jay Cox,2,5.45
Stephen Gaghan,2,5.449999999999999
Jim Gillespie,2,5.449999999999999
Les Mayfield,5,5.4399999999999995
Eli Roth,3,5.433333333333334
Paul Weitz,5,5.42
Brian Robbins,6,5.416666666666667
Hitoshi Matsumoto,1,5.4
Kent Alterman,1,5.4
Randall Rubin,1,5.4
Rohan Sippy,1,5.4
Zach Cregger,1,5.4
Hideo Nakata,1,5.4
Katja von Garnier,1,5.4
Nick Gomez,1,5.4
Tom Schulman,1,5.4
Salvador Carrasco,1,5.4
Neal Brennan,1,5.4
Dewey Nicks,1,5.4
Rusty Cundieff,1,5.4
Julio DePietro,1,5.4
Antony Hoffman,1,5.4
Louis C.K.,1,5.4
Andrew Traucki,1,5.4
Jerry Jameson,2,5.4
Brett Leonard,2,5.4
Ellory Elkayem,1,5.4
Perry Lang,1,5.4
James Nunn,1,5.4
John Putch,1,5.4
Rita Merson,1,5.4
Michael Patrick King,1,5.4
Dwight H. Little,2,5.4
Michael Martin,1,5.4
Edward Dmytryk,1,5.4
Jake Goldberger,1,5.4
Benjamin Dickinson,1,5.4
Marc F. Adler,1,5.4
Troy Nixey,1,5.4
Eric Blakeney,1,5.4
Maurice Joyce,1,5.4
Paul Gross,2,5.4
Mary McGuckian,1,5.4
Joseph Ruben,1,5.4
Jeff Franklin,1,5.4
Steven Brill,4,5.4
Danny Pang,2,5.4
Matt Dillon,1,5.4
Daniel Sackheim,1,5.4
Vicky Jenson,2,5.4
J.B. Rogers,2,5.4
Mark Piznarski,1,5.4
Stewart Hendler,1,5.4
Francesca Gregorini,1,5.4
Rand Ravich,1,5.4
Agnieszka Wojtowicz-Vosloo,1,5.4
Ciaran Foy,1,5.4
Damon Santostefano,1,5.4
Roland Joffé,3,5.3999999999999995
Tony Kaye,3,5.3999999999999995
Raja Gosnell,6,5.383333333333333
Stephen T. Kay,3,5.366666666666667
Reginald Hudlin,3,5.366666666666667
Martin Lawrence,2,5.35
Joe Roth,2,5.35
Karyn Kusama,2,5.35
Steve Beck,2,5.35
Nick Love,2,5.35
Angela Robinson,2,5.35
Geoffrey Sax,2,5.35
Scott Stewart,2,5.300000000000001
Craig R. Baxley,2,5.300000000000001
Chris Kentis,2,5.300000000000001
Masayuki Ochiai,1,5.3
Jeff Lowell,1,5.3
Mark Young,1,5.3
Rachel Talalay,2,5.3
Fyodor Bondarchuk,1,5.3
Frank Sebastiano,1,5.3
Bigas Luna,1,5.3
Daisy von Scherler Mayer,2,5.3
Eddie O'Flaherty,1,5.3
John Carl Buechler,1,5.3
Benny Boom,1,5.3
John Stainton,1,5.3
Jamie Blanks,2,5.3
Ben Gluck,1,5.3
William Bindley,1,5.3
Shintaro Shimosawa,1,5.3
Don Scardino,1,5.3
Lionel C. Martin,1,5.3
Phil Claydon,1,5.3
Phil Morrison,1,5.3
Douglas Cheek,1,5.3
Leslye Headland,1,5.3
Kat Coiro,1,5.3
Christian Duguay,2,5.3
Christian E. Christiansen,1,5.3
Anna Mastro,1,5.3
Glen Morgan,2,5.3
Vera Farmiga,1,5.3
Hugh Johnson,1,5.3
D. Stevens,1,5.3
Jamel Debbouze,1,5.3
Kabir Sadanand,1,5.3
Neema Barnette,1,5.3
Greg Coolidge,1,5.3
Gordon Chan,1,5.3
Andrés Couturier,1,5.3
Peter Billingsley,1,5.3
Kimble Rendall,1,5.3
Tony Krantz,1,5.3
Kelly Makin,1,5.3
Wayne Thornley,1,5.3
Alex Ranarivelo,1,5.3
Albert Brooks,1,5.3
Kevin Carraway,1,5.3
Kevin Donovan,1,5.3
Alan Shapiro,1,5.3
Zack Ward,1,5.3
Dennie Gordon,4,5.275
Ben Falcone,2,5.25
Joel Zwick,2,5.25
Greg Harrison,2,5.25
Kevin Munroe,2,5.25
Patrick Read Johnson,2,5.25
David S. Goyer,2,5.25
David Zucker,5,5.24
William Brent Bell,3,5.233333333333333
Mark Griffiths,1,5.2
Kevin Hooks,1,5.2
James Wong,4,5.2
Rachel Perkins,1,5.2
Bart Freundlich,2,5.2
Gary Chapman,1,5.2
Chris Shadley,1,5.2
Ringo Lam,1,5.2
Enrique Begné,1,5.2
Luke Wilson,1,5.2
RZA,1,5.2
Craig Mazin,2,5.2
Dominique Othenin-Girard,1,5.2
Scott Marshall,1,5.2
Kirk De Micco,1,5.2
Bob Odenkirk,2,5.2
Christopher B. Landon,1,5.2
Mitchell Lichtenstein,1,5.2
Tim Heidecker,1,5.2
Joseph Kahn,2,5.2
Jonas Elmer,1,5.2
Márcio Garcia,1,5.2
Sarah Gavron,1,5.2
Dan Reed,1,5.2
Anthony Hickox,1,5.2
Sajid Khan,1,5.2
Darrell James Roodt,1,5.2
Leon Ichaso,1,5.2
Robert Butler,1,5.2
H.M. Coakley,1,5.2
Ruairi Robinson,1,5.2
Ruba Nadda,1,5.2
Nick Hurran,1,5.2
Nickolas Perry,1,5.2
Jon Matthews,1,5.2
Tony Giglio,1,5.2
Andrzej Bartkowiak,5,5.2
Martin Weisz,1,5.2
Martyn Pick,1,5.2
Rich Christiano,1,5.2
Warren Sheppard,1,5.2
Henry Hobson,1,5.2
Amanda Gusack,1,5.2
Alan Rudolph,1,5.2
Patrick Lussier,4,5.199999999999999
Patricia Cardoso,2,5.15
Sam Weisman,4,5.15
Morgan J. Freeman,2,5.15
Fred Wolf,2,5.15
Brian Levant,6,5.1499999999999995
Don Michael Paul,3,5.133333333333333
Kim Farrant,1,5.1
David Gelb,1,5.1
Sara Sugarman,1,5.1
Jeffrey W. Byrd,1,5.1
Ronald Neame,1,5.1
Mor Loushy,1,5.1
Chatrichalerm Yukol,1,5.1
Nelson McCormick,2,5.1
Claudia Llosa,1,5.1
Jonathan Newman,1,5.1
Neil Mcenery-West,1,5.1
Bryan Barber,1,5.1
Ruggero Deodato,1,5.1
Hoyt Yeatman,1,5.1
Paul Hunter,1,5.1
Luis Llosa,2,5.1
James Toback,2,5.1
William A. Graham,1,5.1
Courtney Solomon,2,5.1
Willard Huyck,1,5.1
Blair Hayes,1,5.1
Lowell Sherman,1,5.1
Bruce Hunt,1,5.1
Danny Steinmann,1,5.1
Ian Fitzgibbon,1,5.1
Terron R. Parsons,1,5.1
Jorma Taccone,1,5.1
Vladlen Barbe,1,5.1
Katt Shea,1,5.1
John Whitesell,5,5.0600000000000005
Jimmy Hayward,2,5.050000000000001
Oren Peli,2,5.050000000000001
Sam Miller,2,5.05
Chris Koch,2,5.05
David McNally,2,5.05
Mark Brown,2,5.05
Robert Harmon,2,5.05
Michael Tiddes,3,5.033333333333334
Vidhu Vinod Chopra,1,5.0
Diane Keaton,1,5.0
Tyler Oliver,1,5.0
Patrick Ryan Sims,1,5.0
Gonzalo López-Gallego,1,5.0
Jim Sonzero,1,5.0
Tommy Lee Wallace,1,5.0
Catherine Gund,1,5.0
Tim Chambers,1,5.0
John Guillermin,1,5.0
Harmony Korine,1,5.0
Joseph Graham,1,5.0
Thomas Langmann,1,5.0
Johanna Schwartz,1,5.0
Danny Provenzano,1,5.0
Daniel Mellitz,1,5.0
Joe Chappelle,1,5.0
Sol Tryon,1,5.0
Corey Grant,1,5.0
Corey Yuen Kwai,1,5.0
Jackie Chan,1,5.0
Gnana Rajasekaran,1,5.0
Dave Carroll,1,5.0
Chen Kaige,1,5.0
Tommy Oliver,1,5.0
Harry Beaumont,1,5.0
Ken Roht,1,5.0
Mark A.Z. Dippé,1,5.0
Doug Lefler,1,5.0
Michael J. Bassett,1,5.0
Ham Tran,1,5.0
John Murlowski,1,5.0
Matt Cimber,1,5.0
John Bonito,1,5.0
Steve Barron,1,5.0
"Daniel Petrie, Jr.",1,5.0
Matt Jackson,1,5.0
Piyush Dinker Pandya,1,5.0
Jim Issa,1,5.0
Michael Taliferro,1,5.0
Tom Reeve,1,5.0
Stuart Beattie,1,5.0
Herb Freed,1,5.0
Charles Ferguson,3,4.966666666666667
Valeri Milev,1,4.9
Scott Alexander,1,4.9
Charles Matthau,1,4.9
Nancy Walker,1,4.9
Don Mancini,1,4.9
Travis Cluff,1,4.9
Jamaa Fanaka,1,4.9
Rick Friedberg,1,4.9
Bo Welch,1,4.9
Bradley Parker,1,4.9
Joe Charbanic,1,4.9
Stevan Mena,1,4.9
Steve Rash,2,4.9
Will Canon,1,4.9
J.S. Cardone,1,4.9
Edward Hall,1,4.9
Richard Boddington,1,4.9
Sam Firstenberg,1,4.9
Oleg Stepchenko,1,4.9
Katie Aselton,1,4.9
Robinson Devor,1,4.9
Kris Isacsson,1,4.9
Isaac Florentine,1,4.9
Kresten Vestbjerg Andersen,1,4.9
David Cross,1,4.9
Stiles White,1,4.9
Benni Diez,1,4.9
Gregory Poirier,1,4.9
Stefen Fangmeier,1,4.9
Griffin Dunne,3,4.8999999999999995
Bob Saget,2,4.85
Pan Nalin,2,4.85
Colin Strause,2,4.800000000000001
James Melkonian,1,4.8
Gideon Raff,1,4.8
Jason Zada,1,4.8
Hilary Brougher,1,4.8
Michael Walker,1,4.8
Paul Mazursky,1,4.8
Randy Moore,1,4.8
Travis Romero,1,4.8
Duane Journey,1,4.8
Youssef Delara,1,4.8
Dito Montiel,1,4.8
Chris Gorak,1,4.8
Robby Henson,1,4.8
Marc Forby,1,4.8
Mabrouk El Mechri,1,4.8
Stewart Raffill,2,4.8
Henry King,1,4.8
Rob Hedden,1,4.8
Christophe Ali,1,4.8
Michael Meredith,1,4.8
Michael Chapman,1,4.8
Eric Mendelsohn,1,4.8
Deb Hagan,1,4.8
Gerry Lively,1,4.8
Mike Disa,1,4.8
Danny Perez,1,4.8
Steve Boyum,2,4.75
David Raynr,2,4.75
Bruce McCulloch,2,4.75
John Gray,1,4.7
Damien Dante Wayans,1,4.7
Tom DiCillo,1,4.7
Robert Iscove,3,4.7
Paul Crowder,1,4.7
Kevin Hamedani,1,4.7
James Bridges,1,4.7
Frank Miller,1,4.7
Nick Hamm,1,4.7
Chad Kapper,1,4.7
Mort Nathan,1,4.7
Tsui Hark,1,4.7
Mike Bigelow,1,4.7
S.R. Bindler,1,4.7
Christopher Erskin,1,4.7
Rick Bieber,1,4.7
Phil Traill,1,4.7
Jessy Terrero,1,4.7
Marcus Nispel,1,4.7
John Robert Hoffman,1,4.7
Katherine Dieckmann,1,4.7
Johnny Remo,1,4.7
Matthew Hastings,1,4.7
Bob Spiers,1,4.7
Dan Curtis,1,4.7
Doug McHenry,1,4.7
Ashish R. Mohan,1,4.7
John R. Leonetti,2,4.699999999999999
Bob Clark,4,4.675
Douglas Aarniokoski,2,4.65
Eric Valette,2,4.65
Richard Benjamin,3,4.633333333333333
Travis Legge,2,4.6
Melvin Van Peebles,1,4.6
Gabriela Tagliavini,1,4.6
Mark Neveldine,1,4.6
John Sullivan,1,4.6
Sylvio Tabet,1,4.6
Darin Scott,1,4.6
Lluís Quílez,1,4.6
Britt Allcroft,1,4.6
Brian A Miller,1,4.6
Nadia Tass,1,4.6
Yvette Kaplan,1,4.6
Keith Parmer,1,4.6
Wallace Wolodarsky,1,4.6
Tom Green,1,4.6
Huck Botko,1,4.6
Amy Holden Jones,1,4.6
Carmen Marron,1,4.6
Lance Rivera,1,4.6
Charles Adelman,1,4.6
Jerry Belson,1,4.6
Diane English,1,4.6
Eric Bross,2,4.55
Stuart Gillard,2,4.55
Zackary Adler,1,4.5
Alex Craig Mann,1,4.5
Charles T. Kanganis,1,4.5
Charles S. Dutton,1,4.5
Andrew Bergman,2,4.5
James Isaac,1,4.5
Steven Seagal,1,4.5
Qasim Basir,1,4.5
Meiert Avis,1,4.5
Gary Sherman,1,4.5
Brandon Trost,1,4.5
Todd Lincoln ,1,4.5
Rick Rosenthal,1,4.5
Julien Temple,1,4.5
Jon Hess,1,4.5
Andrew Morahan,1,4.5
Olly Blackburn,1,4.5
Janusz Kamiński,1,4.5
Charlie Levi,1,4.5
Jesse Peretz,2,4.45
Chris Stokes,2,4.449999999999999
Robert Marcarelli,1,4.4
Joseph Green,1,4.4
Tom Brady,1,4.4
Bruce MacDonald,1,4.4
Justin Thomas Ostensen,1,4.4
Jerry Dugan,1,4.4
Dave Payne,1,4.4
Derick Martini,1,4.4
John Ottman,1,4.4
Becky Smith,1,4.4
Joe Marino,1,4.4
Ed Gass-Donnelly,1,4.4
Fred Savage,1,4.4
Stephen Carpenter,1,4.4
Travis Zariwny,1,4.4
Matt Bettinelli-Olpin,1,4.4
Mario Van Peebles,2,4.4
William Malone,2,4.35
Shim Hyung-Rae,2,4.35
Kenneth Johnson,1,4.3
Marco Schnabel,1,4.3
Mickey Liddell,1,4.3
Michael Winner,1,4.3
Wych Kaosayananda,1,4.3
Joe Berlinger,1,4.3
Robert Adetuyi,1,4.3
David Kellogg,1,4.3
Cheryl Dunye,1,4.3
Hank Braxtan,1,4.3
Peter Hastings,1,4.3
Al Silliman Jr.,1,4.3
Chuck Bowman,1,4.3
David Winters,1,4.3
David M. Matthews,1,4.3
Sarik Andreasyan,1,4.3
Timothy Hines,1,4.3
Lawrence Guterman,2,4.3
Serdar Akar,1,4.3
Sergei Bodrov Jr.,1,4.3
Mic Rodgers,1,4.2
Fred Dekker,1,4.2
Eric England,1,4.2
Pitof,1,4.2
Elaine May,1,4.2
Andrew Hyatt,1,4.2
Timothy Woodward Jr.,1,4.2
Jason Trost,1,4.2
Jay Alaimo,1,4.2
Jesse Vaughan,1,4.2
W.D. Hogan,1,4.2
Dan Ireland,1,4.2
Adam Marcus,1,4.2
Scott Dow,1,4.2
Rob Pritts,1,4.1
Troy Miller,1,4.1
Laurent Bouhnik,1,4.1
Anthony O'Brien,1,4.1
Jonathan Silverman,1,4.1
Jonathan Meyers,1,4.1
Mona Lerche,1,4.1
Matty Rich,2,4.1
Louis Morneau,1,4.1
Michael Winnick,1,4.1
Sidney J. Furie,1,4.1
Steven E. de Souza,1,4.1
Alan Metter,1,4.1
Vicky Jewson,1,4.1
Bo Zenga,1,4.0
Charles Robert Carner,1,4.0
Sharron Miller,1,4.0
Eric Schaeffer,1,4.0
Robert Hall,1,4.0
David DeCoteau,2,4.0
Uwe Boll,5,4.0
Jason Connery,1,4.0
Jonathan Parker,1,4.0
Annabel Jankel,1,4.0
Christopher Roberts,1,4.0
Tanner Beard,1,3.9
Adam Jay Epstein,1,3.9
Scott Marshall Smith,1,3.9
Des McAnuff,1,3.9
Deon Taylor,1,3.9
Rob Hawk,1,3.9
James Manera,1,3.9
Anthony C. Ferrante,1,3.8
Jérôme Deschamps,1,3.8
Klaus Menzel,1,3.8
Christopher Hutson,1,3.8
Allan Arkush,1,3.8
Christopher Leitch,1,3.8
William A. Fraker,1,3.7
Myles Berkowitz,1,3.7
Nnegest Likké,1,3.7
Bobby Roth,1,3.7
Vic Armstrong,1,3.7
Perry Andelin Blake,1,3.7
Shane Dawson,1,3.7
Antonio Simoncini,1,3.6
Brian Trenchard-Smith,3,3.6
Jason Friedberg,5,3.5400000000000005
Hal Needham,1,3.5
Robert Bennett,1,3.5
Michael Hoffman Jr.,1,3.5
Joseph Sargent,1,3.5
Simon Yin,1,3.5
Harmage Singh Kalirai,1,3.5
Collin Joseph Neal,1,3.5
Stanton Barrett,1,3.5
Kevin King,1,3.5
Georgia Hilton,1,3.4
Vondie Curtis-Hall,1,3.4
Vivek Agnihotri,1,3.4
Brett Piper,1,3.3
Trent Cooper,1,3.3
Rick de Oliveira,1,3.3
William Sachs,1,3.3
Tara Subkoff,1,3.3
Frank Passingham,1,3.2
Nick Murphy ,2,3.15
Dominic Burns,1,3.1
Peter M. Cohen,1,3.1
Matthew R. Anderson,1,3.1
Craig Moss,2,3.05
Roger Christian,1,3.0
Philip Zlotorynski,1,3.0
Frédéric Auburtin,1,3.0
Barrett Esposito,1,3.0
Simeon Rice,1,3.0
Lijun Sun,1,3.0
Alan Smithee,1,3.0
Richard Montoya,1,3.0
Ian Iqbal Rashid,1,3.0
Darren Stein,2,2.95
Jim Goddard,1,2.9
Steve Gomer,1,2.9
Warren P. Sonoda,1,2.9
Paul Donovan,1,2.8
Rohit Jagessar,1,2.8
Christian Sesma,1,2.8
Babar Ahmed,1,2.8
Alex Zamm,1,2.7
David Winning,1,2.6
Arjun Sablok,1,2.3
Lawrence Kasanoff,1,2.3
Matthew Diamond,1,2.2
Ivan Kavanagh,1,2.0
Kirk Loudon,1,2.0
Natalie Bible',1,2.0
Avi Nesher,1,2.0
Dylan Bank,1,2.0
Sue Corcoran,1,1.0
Leonard Farlinger,1,1.0
Tom Walsh,1,0.5
Jaco Booyens,1,0.0
Gene Teigland,1,0.0
Stephen Langford,1,0.0
Livingston Oden,1,0.0
Simon Napier-Bell,1,0.0
Matthew Watts,1,0.0
William Gazecki,1,0.0
Joseph Mazzella,1,0.0
Bill Benenson,1,0.0
Mariette Monpierre,1,0.0
Fernando Baez Mella,1,0.0
Marcia Bennett,1,0.0
Eric Bugbee,1,0.0
Thomas L. Phillips,1,0.0
Nicolae Constantin Tanase,1,0.0
Robert M. Young,1,0.0
Niall Johnson,1,0.0
Jerome Elston Scott,1,0.0
Tom Sanchez,1,0.0
Justin Paul Miller,1,0.0
Cary Bell,1,0.0
David Worth,1,0.0
Giovanni Zelko,1,0.0
Catherine Jelski,1,0.0
Sadyk Sher-Niyaz,1,0.0
Sai Varadan,1,0.0
Nathan Smith Jones,1,0.0
Romesh Sharma,1,0.0
Dena Seidel,1,0.0
Mitchell Altieri,1,0.0
Mike Bruce,1,0.0
Sharon Greytak,1,0.0
Robert Fontaine,1,0.0
James David Pasternak,1,0.0
Kristin Rizzo,1,0.0
Lance Kawas,1,0.0
Paolo Monico,1,0.0
Darren Press,1,0.0
Pece Dingo,1,0.0
James O'Brien,1,0.0
Valerie Red-Horse,1,0.0
U. Roberto Romano,1,0.0
Christopher Scott Cherot,1,0.0
Damir Catic,1,0.0
Corbin Bernsen,1,0.0
Jim Chuchu,1,0.0
